{"test_y": [0.0, 0.0, 0.0, 0.0, 0.0, 0.0, 0.0, 0.0, 0.0, 0.0, 0.0, 0.0, 0.0, 0.0, 0.0, 0.0, 0.0, 0.0, 0.0, 0.0, 0.0, 0.0, 0.0, 0.0, 0.0, 0.0, 0.0, 0.0, 0.0, 0.0, 0.0, 0.0, 0.0, 0.0, 0.0, 0.0, 0.0, 0.0, 0.0, 0.0, 0.0, 0.0, 0.0, 0.0, 0.0, 0.0, 0.0, 0.0, 0.0, 0.0, 0.0, 0.0, 0.0, 0.0, 0.0, 0.0, 0.0, 0.0, 0.0, 0.0, 1.0, 1.0, 1.0, 1.0, 1.0, 1.0, 1.0, 1.0, 1.0, 1.0, 1.0, 1.0, 1.0, 1.0, 1.0, 1.0, 1.0, 1.0, 1.0, 1.0, 1.0, 1.0, 1.0, 1.0, 1.0, 1.0, 1.0, 1.0, 1.0, 1.0, 1.0, 1.0, 1.0, 1.0, 1.0, 1.0, 1.0, 1.0, 1.0, 1.0, 1.0, 1.0, 1.0, 1.0, 1.0, 1.0, 1.0, 1.0, 1.0, 1.0, 1.0, 1.0, 1.0, 1.0, 1.0, 1.0, 1.0, 1.0, 1.0, 1.0], "2c-2w-2f": [0.48881044180258426, 0.5184999385057216, 0.4808236963240632, 0.5180862595079766, 0.4761474324522451, 0.4865057833479418, 0.5259423501063724, 0.47523329146286625, 0.5057231445102672, 0.4866407298350263, 0.5012630577356288, 0.5127086711059514, 0.4997429892349667, 0.47210784014364027, 0.4755222866974039, 0.4999720438544943, 0.531557418254558, 0.5094663915138724, 0.5164030590357769, 0.48843143504169517, 0.5095207312245894, 0.5031592466451573, 0.4997277216204549, 0.49498210138888504, 0.4406989688535801, 0.4947624911510569, 0.2872361593172033, 0.47604616820122614, 0.4848496674572432, 0.45883412098891746, 0.4933690142087367, 0.4922126391412317, 0.5053344852071967, 0.4863552099305035, 0.33244325993173274, 0.48267155760243713, 0.5004729879887573, 0.48091647162707346, 0.48867810662215794, 0.5107671000568063, 0.4703926464453323, 0.4780977846844009, 0.49401476713317916, 0.5267156129210954, 0.4664771966192146, 0.4923469602124662, 0.5104303896067358, 0.5165846324930042, 0.3180491444632211, 0.4634280203222208, 0.31928511304951235, 0.4991234394348499, 0.48427386146279205, 0.46767590056808467, 0.48468196767673644, 0.4932987142600696, 0.4774805555991864, 0.4886869898150026, 0.4774764904388812, 0.48705454975215895, 0.6830326691307497, 0.7019433973075854, 0.5045685713544674, 0.6952930365241957, 0.513612618918852, 0.6883781617550315, 0.7023318712828994, 0.7013124554517584, 0.6587265268377683, 0.6634985922651837, 0.5081451236185579, 0.5267783209826205, 0.5051685901509386, 0.5040492290658041, 0.5033473475704254, 0.5409419651956692, 0.6782117569419625, 0.6556287366904788, 0.659724253846458, 0.5118959517161799, 0.5246929866490976, 0.5078815871961826, 0.5190118719306845, 0.5139341973613516, 0.5136132988061464, 0.49498988182119064, 0.6716312244101469, 0.5215918400927061, 0.48645065256975945, 0.4968062713419869, 0.520572833096232, 0.5266100805155332, 0.5095665164901918, 0.4933428208916826, 0.5192585162274236, 0.5249462297083856, 0.5461476673980676, 0.6751792050632011, 0.7008817380550177, 0.7060444051887002, 0.4910007273988914, 0.6809775740450409, 0.5132392045300532, 0.5348532918119678, 0.7079960941130281, 0.6837611755254162, 0.4794362226728197, 0.4922087091728181, 0.5566371040639554, 0.49202323587284935, 0.5178936611589114, 0.5013018768198644, 0.5049031707829985, 0.5348298619063077, 0.4996926917547019, 0.5373894417106029, 0.5305579922740699, 0.5274663200872669, 0.5073474437551291, 0.5185729593521223], "2c-1w-0f": [0.1271405539845509, 0.40297619047619043, 0.4424840510366826, 0.44884955970629936, 0.4424840510366826, 0.48963317384370014, 0.557426782086973, 0.09603563545303606, 0.37543859649122807, 0.43371212121212127, 0.43371212121212127, 0.38086124401913873, 0.43390561966413355, 0.3782055078967146, 0.5017543859649122, 0.42513368983957217, 0.8888888888888888, 0.45460526315789473, 0.6728965052170438, 0.6504399135978084, 0.7668256491785904, 0.2412035026935618, 0.39103667500251565, 0.5194701280227596, 0.26666666666666666, 0.203921568627451, 0.4424840510366826, 0.13333333333333333, 0.39439775910364144, 0.3238095238095238, 0.6504399135978084, 0.5440660474716202, 0.3251336898395722, 0.49298245614035086, 0.5666192508297772, 0.40297619047619043, 0.3372549019607843, 0.15454545454545454, 0.3458333333333334, 0.41069819819819814, 0.2754385964912281, 0.45460526315789473, 0.2754385964912281, 0.3337121212121212, 0.3337121212121212, 0.2421052631578947, 0.41808807398821574, 0.5666192508297772, 0.5108916966502105, 0.37543859649122807, 0.4352941176470589, 0.5017543859649122, 0.5029761904761905, 0.06666666666666667, 0.41064941814306527, 0.5108916966502105, 0.4424840510366826, 0.39298245614035093, 0.5578473210052158, 0.15454545454545454, 0.5855750487329434, 0.7537537537537538, 0.43371212121212127, 0.7507740499870043, 0.6089309123364851, 0.8888888888888888, 0.6134028765607713, 0.9629629629629629, 0.43390561966413355, 0.6699330909857225, 0.5017543859649122, 0.6089309123364851, 0.5666192508297772, 0.6504399135978084, 0.6699330909857225, 0.8962962962962964, 0.9629629629629629, 0.8050682261208576, 0.6927515751045163, 0.5666192508297772, 0.7537537537537538, 0.3170882646693452, 0.6089309123364851, 0.6557145380674793, 0.4424840510366826, 0.29298245614035084, 0.6504399135978084, 0.6089309123364851, 0.5194701280227596, 0.5666192508297772, 0.7112700936230348, 0.7668256491785904, 0.6927515751045163, 0.5666192508297772, 0.3372549019607843, 0.9629629629629629, 0.5666192508297772, 0.5106981981981983, 0.6089309123364851, 0.8888888888888888, 0.3722024647339998, 0.668958432116327, 0.3372549019607843, 0.6699330909857225, 0.6927515751045163, 0.8278867102396514, 0.3372549019607843, 0.4379458220764545, 0.9463975837423098, 0.5384259259259259, 0.6647668859222052, 0.7641829531095051, 0.5440660474716202, 0.6089309123364851, 0.45460526315789473, 0.5666192508297772, 0.5666192508297772, 0.7485530809701127, 0.5194701280227596, 0.5194701280227596], "1c-1w-0f": [0.4796254087695219, 0.501746651764764, 0.4897619878338731, 0.47552754792340485, 0.4686563766768613, 0.4980597775339288, 0.4777460910988479, 0.4885238557032805, 0.5080501179830782, 0.5048404138236455, 0.47945847046428397, 0.45905637734391, 0.48967640284334524, 0.48887921968423687, 0.4863995321461675, 0.4103942689893589, 0.5702657408189243, 0.5205868846233499, 0.4641974576001243, 0.4885997730760422, 0.4752092322880844, 0.4629780382662532, 0.4773244269242988, 0.5083429557161808, 0.4801715387467351, 0.4896251435003211, 0.4537691037762285, 0.467731929544001, 0.48073205985605916, 0.47229595067198826, 0.48758246529532145, 0.4921530483706249, 0.48044630858238613, 0.43927533765718396, 0.449270473505397, 0.4993444805280377, 0.45465098970502643, 0.4725952818450289, 0.5031559816711917, 0.49839926114555777, 0.4822486935800499, 0.47489984378442424, 0.49333759770110636, 0.48683099769020466, 0.4998724349590494, 0.5086669336711394, 0.46296345461117266, 0.4371697387679596, 0.4951263430724139, 0.3920475698784458, 0.5078156153326853, 0.3878919036425621, 0.4903326816309777, 0.5097088519582527, 0.483594108421348, 0.49808485852375334, 0.5297824726380121, 0.47041562939931075, 0.501716197995122, 0.46579480982084553, 0.60609270105253, 0.6826691420053373, 0.4430313417016509, 0.638254364645548, 0.4046063264327645, 0.5139517278071208, 0.5321513980759284, 0.5097564753804305, 0.49133182438610906, 0.6819216578787274, 0.5022849776254238, 0.5030133394657512, 0.485388832268894, 0.5118867971940882, 0.4992581297089857, 0.5164722361482456, 0.7165114779629066, 0.6877967410734588, 0.6530451290071415, 0.44494282408055935, 0.48370737021908644, 0.48086551221616347, 0.4259862243213217, 0.5453802757759795, 0.5029943120677127, 0.5003640130239133, 0.6579355861313261, 0.47405698519880113, 0.48380347210935687, 0.5170860849116806, 0.47444252189898833, 0.42294025808753516, 0.5169628461422661, 0.4114746766873745, 0.47009690632501877, 0.5493088173048595, 0.5380539931795917, 0.505048768696788, 0.4289834330851159, 0.6805761457425082, 0.5092561073346117, 0.71996709228016, 0.4821611087044579, 0.5347724231818841, 0.6976551155472696, 0.7111566532442395, 0.4984294200483139, 0.4449534343752784, 0.49861767727326517, 0.5200223911204233, 0.5213685875207222, 0.513732272231999, 0.5129682058741671, 0.49998178881494965, 0.40845341286070636, 0.48474075880353373, 0.47681235631984864, 0.5165973265440206, 0.5074747276374577, 0.48316807727516276],