{"test_y": [0.0, 0.0, 0.0, 0.0, 0.0, 0.0, 0.0, 0.0, 0.0, 0.0, 0.0, 0.0, 0.0, 0.0, 0.0, 0.0, 0.0, 0.0, 0.0, 0.0, 0.0, 0.0, 0.0, 0.0, 0.0, 0.0, 0.0, 0.0, 0.0, 0.0, 0.0, 0.0, 0.0, 0.0, 0.0, 0.0, 0.0, 0.0, 0.0, 0.0, 0.0, 0.0, 0.0, 0.0, 0.0, 0.0, 0.0, 0.0, 0.0, 0.0, 0.0, 0.0, 0.0, 0.0, 0.0, 0.0, 0.0, 0.0, 0.0, 0.0, 1.0, 1.0, 1.0, 1.0, 1.0, 1.0, 1.0, 1.0, 1.0, 1.0, 1.0, 1.0, 1.0, 1.0, 1.0, 1.0, 1.0, 1.0, 1.0, 1.0, 1.0, 1.0, 1.0, 1.0, 1.0, 1.0, 1.0, 1.0, 1.0, 1.0, 1.0, 1.0, 1.0, 1.0, 1.0, 1.0, 1.0, 1.0, 1.0, 1.0, 1.0, 1.0, 1.0, 1.0, 1.0, 1.0, 1.0, 1.0, 1.0, 1.0, 1.0, 1.0, 1.0, 1.0, 1.0, 1.0, 1.0, 1.0, 1.0, 1.0], "2c-2w-2f": [0.50060732188195, 0.4818547681620371, 0.4915287026242348, 0.4866347186128878, 0.49675920528602985, 0.4963860044660351, 0.4914031089093975, 0.4832637053812704, 0.4668442002198483, 0.48392325392166025, 0.4896786943153864, 0.489775303876872, 0.4721399057145034, 0.5030389209738392, 0.48973908826940316, 0.5038542110011198, 0.46694916439677236, 0.5027669435409063, 0.49422660762496234, 0.4914581861663859, 0.4673431790134531, 0.49599931383226814, 0.49910967030834175, 0.4828511909868051, 0.47548865677965346, 0.45631466538836973, 0.4854848422299898, 0.48275183639313873, 0.42650200093927976, 0.47999964393194317, 0.48816059039767695, 0.4888436023194015, 0.4743296352789516, 0.45375441725325216, 0.484050532441851, 0.49884197474340736, 0.48529511072267667, 0.4837618767097473, 0.4732679053284109, 0.5087336210849338, 0.486275432793435, 0.49130716339883174, 0.4965429961768432, 0.4853886611287937, 0.3002874191152761, 0.4888436023194015, 0.4834647065934629, 0.47811558814414196, 0.5012599878500249, 0.47599195817600315, 0.3246661450075873, 0.4930767721857935, 0.47773708743220217, 0.48160454770843125, 0.48409948879462833, 0.4886578770719914, 0.4774663530895144, 0.4905214510820307, 0.484916215507323, 0.4782092591981094, 0.46131773263733183, 0.4642703533651761, 0.4966135297478418, 0.4619327097933449, 0.4841092121386715, 0.4704494937466662, 0.48389074317995506, 0.47552018947009844, 0.4615687805965296, 0.47799988378831576, 0.4927762459256411, 0.47859144879466825, 0.4888436023194015, 0.5001124859852377, 0.4850223830086013, 0.46269501775216504, 0.4430563544803938, 0.48998959179318896, 0.4815107213386215, 0.4773667435293406, 0.46852375164951304, 0.502473658980554, 0.4962404050847681, 0.5032312735601726, 0.47864723729265174, 0.48665309382713184, 0.4859607490840067, 0.33513971395177244, 0.4541387186218519, 0.47519432855712523, 0.48439624759154204, 0.47585972663121767, 0.3200916138149595, 0.4912805979301173, 0.49143980320950914, 0.4917286764499621, 0.48347146045586387, 0.4905407133678331, 0.4740263501348305, 0.4465487833745671, 0.4787342283704765, 0.4647379894050576, 0.4911607863890459, 0.4778655825523646, 0.49108424237176046, 0.46607883101126146, 0.46941987579493083, 0.4655804744583922, 0.4966761083566558, 0.47413709289309763, 0.4882879322748623, 0.4998710144019828, 0.4773007672961754, 0.47201994346346493, 0.4979318175499287, 0.48655608215009327, 0.4659374017856513, 0.4914971826057673, 0.49063397426889915, 0.4886348741960675], "2c-1w-0f": [0.6450462962962963, 0.2492063492063492, 0.16391257609214938, 0.6670289855072463, 0.6670289855072463, 0.6670289855072463, 0.2992992800913126, 0.1864247311827957, 0.03670634920634921, 0.2858532154664979, 0.6970289855072463, 0.41041666666666665, 0.08339442815249266, 0.48660714285714285, 0.6265527950310559, 0.3390964144146155, 0.48660714285714285, 0.48660714285714285, 0.5337111861562742, 0.28750000000000003, 0.6655136604125887, 0.047409579667644176, 0.6170289855072464, 0.13194444444444445, 0.0153391808343148, 0.3375000000000001, 0.3761904761904762, 0.435370298679904, 0.09502862728669181, 0.4083333333333334, 0.6670289855072463, 0.08339442815249266, 0.06154258220858508, 0.10071044546850998, 0.44166666666666665, 0.8216912219411623, 0.26666666666666666, 0.271636304064488, 0.0670093795093795, 0.39356249469679777, 0.03670634920634921, 0.2558349693553436, 0.3395337428519835, 0.08295131728750894, 0.10071044546850998, 0.5270833333333333, 0.27480158730158727, 0.1655913978494624, 0.8821463763390721, 0.19797776148582602, 0.3625, 0.41785714285714287, 0.2148619338535878, 0.6711309523809524, 0.48034998811232404, 0.5503623188405797, 0.08339442815249266, 0.18253968253968256, 0.21116263379146774, 0.11407624633431086, 0.09502862728669181, 0.07771260997067449, 0.4770833333333333, 0.2587301587301587, 0.6265527950310559, 0.29414682539682535, 0.0670093795093795, 0.3341605349048697, 0.029782183182476062, 0.8467908902691512, 0.6450462962962963, 0.35595238095238096, 0.2636363636363636, 0.3471255599935779, 0.7849919484702094, 0.132258064516129, 0.07771260997067449, 0.44250639873731346, 0.243945290428515, 0.3163690476190476, 0.6170289855072464, 0.5333333333333333, 0.5282738095238095, 0.16256109481915934, 0.5270833333333333, 0.48660714285714285, 0.5150414340833988, 0.3625, 0.29583333333333334, 0.12447122747574446, 0.4520833333333334, 0.4194526231684734, 0.07771260997067449, 0.48293508354664016, 0.1959485407066052, 0.30100806451612905, 0.12922776148582601, 0.12922776148582601, 0.16256109481915934, 0.2152937788018433, 0.0670093795093795, 0.06132756132756132, 0.3354166666666667, 0.2587301587301587, 0.6170289855072464, 0.10071044546850998, 0.29036987899599115, 0.2587301587301587, 0.454965822761495, 0.5104166666666666, 0.3810957608537498, 0.7849919484702094, 0.5570833333333334, 0.8220289855072463, 0.41041666666666665, 0.5083333333333333, 0.11975806451612903, 0.658695652173913, 0.5420289855072463, 0.14461560789833794], "1c-1w-0f": [0.4937487272523845, 0.5042123957450994, 0.5280470550447356, 0.5178511452053518, 0.5005310633648232, 0.4733505388384905, 0.5065553137042453, 0.49113305535951723, 0.4742805454308407, 0.47601372271050746, 0.48150677384101004, 0.5013214297022065, 0.4935457101087313, 0.4962776468184472, 0.4824208799257267, 0.4822969113885937, 0.5061836755843792, 0.48386463815553044, 0.5131112302616995, 0.5047764594756574, 0.4803962268964002, 0.5016100938298745, 0.49585322140207333, 0.5077350947593732, 0.48985494063708057, 0.5067006890060445, 0.49323026837643613, 0.5011635935862959, 0.4781982575956445, 0.48776943676959306, 0.5015362340594115, 0.4768915885532655, 0.5050516904736241, 0.5184779070131722, 0.5022182423580622, 0.5176506380436914, 0.48731638695358814, 0.4766533396063324, 0.46912004235716476, 0.5042082751255836, 0.4537207358842481, 0.4982473723942015, 0.48371601544300163, 0.49815406655554956, 0.46968952200374675, 0.47949774443310966, 0.4742600569684515, 0.4874502601001941, 0.52552657875222, 0.49803201692438476, 0.4956664963009155, 0.5100947775857517, 0.48714774226666285, 0.4920126899610135, 0.4990184202093941, 0.514716958343437, 0.4997547035182491, 0.491849356285822, 0.4836509180221205, 0.5009423402799569, 0.48793504955418493, 0.48269039217866855, 0.5091434820495112, 0.4895997825028052, 0.47634451209020323, 0.5060170169447498, 0.47337579540557617, 0.5085626110162739, 0.49699096782904534, 0.49655976112884154, 0.4945503346379576, 0.5129496227888246, 0.49619475438151905, 0.5008519396779539, 0.5054883418810168, 0.48684475348590817, 0.49646442208706626, 0.4858946001145615, 0.4905130651559667, 0.49825326849236534, 0.5112465386246895, 0.5153808475638428, 0.5374949026095076, 0.49033645817187066, 0.4949659987274944, 0.4911479994095814, 0.48050716655656267, 0.48346377549617925, 0.5131913103026148, 0.4685030670437261, 0.49140338852798243, 0.48402111262732933, 0.47512568633758373, 0.5007300347553479, 0.47963839020356863, 0.49763479239585207, 0.47970187874232717, 0.4951541897713286, 0.47552855324950394, 0.4690317172093903, 0.4714578531572065, 0.5001391271017482, 0.4844146997926334, 0.4758654542435757, 0.48532689289569975, 0.5596582701742377, 0.4732423686530792, 0.47502326390695704, 0.48815952677589886, 0.4857781159087411, 0.4997120499017907, 0.5086857993927923, 0.49930579565916117, 0.5359466618456894, 0.49571766592012895, 0.5024453915064636, 0.4962231882888349, 0.5218291272541712, 0.49487960357677624, 0.4800002316497171],